fname,lname
ABDUL RAHMAN C U,ABDUL RAHMAN C U
ABHINAND. S,ABHINAND. S
ADARSH BIJU,ADARSH BIJU
ADIL ANSON ANTONY,ADIL ANSON ANTONY
ADITHYA CHANDRAN,ADITHYA CHANDRAN
ADITHYAN K U,ADITHYAN K U
AISWARYA SHIJU,AISWARYA SHIJU
AJAY VENUGOPAL,AJAY VENUGOPAL
ALGIN BAJI M,ALGIN BAJI M
ALTHUAF P S,ALTHUAF P S
AMAL P M,AMAL P M
AMAN PAULSON,AMAN PAULSON
ANAGHA M A,ANAGHA M A
ANANDAKRISHNAN S,ANANDAKRISHNAN S
ANANDHAKRISHNA K,ANANDHAKRISHNA K
ANUJA K S,ANUJA K S